{"cameraMode":{"drawMode":0,"name":"Shaded","section":"Shading Mode"},"sceneLighting":true,"audioPlay":false,"sceneViewState":{"showFog":true,"showMaterialUpdate":false,"showSkybox":true,"showFlares":true,"showImageEffects":true,"showParticleSystems":true,"showVisualEffectGraphs":true,"m_FxEnabled":true},"in2DMode":false,"pivot":{"x":1.4598474502563477,"y":-0.08018112182617188,"z":8.075752258300782},"rotation":{"x":-0.26577165722846987,"y":0.6559160947799683,"z":-0.26641008257865908,"w":-0.6543446183204651},"size":3.8419525623321535,"orthographic":false}